filename,class,regression
brain\007868.jpeg,"[1,0]",0.0
brain\007869.jpeg,"[1,0]",0.0
brain\007870.jpeg,"[1,0]",0.0
brain\007871.jpeg,"[1,0]",0.0
brain\007872.jpeg,"[1,0]",0.0
brain\007873.jpeg,"[1,0]",0.0
brain\007874.jpeg,"[1,0]",0.0
brain\007875.jpeg,"[1,0]",0.0
brain\007876.jpeg,"[1,0]",0.0
brain\007877.jpeg,"[1,0]",0.0
brain\007878.jpeg,"[1,0]",0.0
brain\007879.jpeg,"[1,0]",0.0
brain\007880.jpeg,"[1,0]",0.0
brain\007881.jpeg,"[1,0]",0.0
brain\007882.jpeg,"[1,0]",0.0
brain\007883.jpeg,"[1,0]",0.0
brain\007884.jpeg,"[1,0]",0.0
brain\007885.jpeg,"[1,0]",0.0
brain\007886.jpeg,"[1,0]",0.0
brain\007887.jpeg,"[1,0]",0.0
brain\007888.jpeg,"[1,0]",0.0
brain\007889.jpeg,"[1,0]",0.0
brain\007890.jpeg,"[1,0]",0.0
brain\007891.jpeg,"[1,0]",0.0
brain\007892.jpeg,"[1,0]",0.0
brain\007893.jpeg,"[1,0]",0.0
brain\007894.jpeg,"[1,0]",0.0
brain\007895.jpeg,"[1,0]",0.0
brain\007896.jpeg,"[1,0]",0.0
brain\007897.jpeg,"[1,0]",0.0
brain\007898.jpeg,"[1,0]",0.0
brain\007899.jpeg,"[1,0]",0.0
brain\007900.jpeg,"[1,0]",0.0
brain\007901.jpeg,"[1,0]",0.0
brain\007902.jpeg,"[1,0]",0.0
brain\007903.jpeg,"[1,0]",0.0
brain\007904.jpeg,"[1,0]",0.0
brain\007905.jpeg,"[1,0]",0.0
brain\007906.jpeg,"[1,0]",0.0
brain\007907.jpeg,"[1,0]",0.0
brain\007908.jpeg,"[1,0]",0.0
brain\007909.jpeg,"[1,0]",0.0
brain\007910.jpeg,"[1,0]",0.0
brain\007911.jpeg,"[1,0]",0.0
brain\007912.jpeg,"[1,0]",0.0
brain\007913.jpeg,"[1,0]",0.0
brain\007914.jpeg,"[1,0]",0.0
brain\007915.jpeg,"[1,0]",0.0
brain\007916.jpeg,"[1,0]",0.0
brain\007917.jpeg,"[1,0]",0.0
brain\007918.jpeg,"[1,0]",0.0
brain\007919.jpeg,"[1,0]",0.0
brain\007920.jpeg,"[1,0]",0.0
brain\007921.jpeg,"[1,0]",0.0
brain\007922.jpeg,"[1,0]",0.0
brain\007923.jpeg,"[1,0]",0.0
brain\007924.jpeg,"[1,0]",0.0
brain\007925.jpeg,"[1,0]",0.0
brain\007926.jpeg,"[1,0]",0.0
brain\007927.jpeg,"[1,0]",0.0
brain\007928.jpeg,"[1,0]",0.0
brain\007929.jpeg,"[1,0]",0.0
brain\007930.jpeg,"[1,0]",0.0
brain\007931.jpeg,"[1,0]",0.0
brain\007932.jpeg,"[1,0]",0.0
brain\007933.jpeg,"[1,0]",0.0
brain\007934.jpeg,"[1,0]",0.0
brain\007935.jpeg,"[1,0]",0.0
brain\007936.jpeg,"[1,0]",0.0
brain\007937.jpeg,"[1,0]",0.0
brain\007938.jpeg,"[1,0]",0.0
brain\007939.jpeg,"[1,0]",0.0
brain\007940.jpeg,"[1,0]",0.0
brain\007941.jpeg,"[1,0]",0.0
brain\007942.jpeg,"[1,0]",0.0
brain\007943.jpeg,"[1,0]",0.0
brain\007944.jpeg,"[1,0]",0.0
brain\007945.jpeg,"[1,0]",0.0
brain\007946.jpeg,"[1,0]",0.0
brain\007947.jpeg,"[1,0]",0.0
brain\007948.jpeg,"[1,0]",0.0
brain\007949.jpeg,"[1,0]",0.0
brain\007950.jpeg,"[1,0]",0.0
brain\007951.jpeg,"[1,0]",0.0
brain\007952.jpeg,"[1,0]",0.0
brain\007953.jpeg,"[1,0]",0.0
brain\007954.jpeg,"[1,0]",0.0
brain\007955.jpeg,"[1,0]",0.0
brain\007956.jpeg,"[1,0]",0.0
brain\007957.jpeg,"[1,0]",0.0
brain\007958.jpeg,"[1,0]",0.0
brain\007959.jpeg,"[1,0]",0.0
brain\007960.jpeg,"[1,0]",0.0
brain\007961.jpeg,"[1,0]",0.0
brain\007962.jpeg,"[1,0]",0.0
brain\007963.jpeg,"[1,0]",0.0
brain\007964.jpeg,"[1,0]",0.0
brain\007965.jpeg,"[1,0]",0.0
brain\007966.jpeg,"[1,0]",0.0
brain\007967.jpeg,"[1,0]",0.0
brain\007968.jpeg,"[1,0]",0.0
brain\007969.jpeg,"[1,0]",0.0
brain\007970.jpeg,"[1,0]",0.0
brain\007971.jpeg,"[1,0]",0.0
brain\007972.jpeg,"[1,0]",0.0
brain\007973.jpeg,"[1,0]",0.0
brain\007974.jpeg,"[1,0]",0.0
brain\007975.jpeg,"[1,0]",0.0
brain\007976.jpeg,"[1,0]",0.0
brain\007977.jpeg,"[1,0]",0.0
brain\007978.jpeg,"[1,0]",0.0
brain\007979.jpeg,"[1,0]",0.0
brain\007980.jpeg,"[1,0]",0.0
brain\007981.jpeg,"[1,0]",0.0
brain\007982.jpeg,"[1,0]",0.0
brain\007983.jpeg,"[1,0]",0.0
brain\007984.jpeg,"[1,0]",0.0
brain\007985.jpeg,"[1,0]",0.0
brain\007986.jpeg,"[1,0]",0.0
brain\007987.jpeg,"[1,0]",0.0
brain\007988.jpeg,"[1,0]",0.0
brain\007989.jpeg,"[1,0]",0.0
brain\007990.jpeg,"[1,0]",0.0
brain\007991.jpeg,"[1,0]",0.0
brain\007992.jpeg,"[1,0]",0.0
brain\007993.jpeg,"[1,0]",0.0
brain\007994.jpeg,"[1,0]",0.0
brain\007995.jpeg,"[1,0]",0.0
brain\007996.jpeg,"[1,0]",0.0
brain\007997.jpeg,"[1,0]",0.0
brain\007998.jpeg,"[1,0]",0.0
brain\007999.jpeg,"[1,0]",0.0
brain\008000.jpeg,"[1,0]",0.0
brain\008001.jpeg,"[1,0]",0.0
brain\008002.jpeg,"[1,0]",0.0
brain\008003.jpeg,"[1,0]",0.0
brain\008004.jpeg,"[1,0]",0.0
brain\008005.jpeg,"[1,0]",0.0
brain\008006.jpeg,"[1,0]",0.0
brain\008007.jpeg,"[1,0]",0.0
brain\008008.jpeg,"[1,0]",0.0
brain\008009.jpeg,"[1,0]",0.0
brain\008010.jpeg,"[1,0]",0.0
brain\008011.jpeg,"[1,0]",0.0
brain\008012.jpeg,"[1,0]",0.0
brain\008013.jpeg,"[1,0]",0.0
brain\008014.jpeg,"[1,0]",0.0
brain\008015.jpeg,"[1,0]",0.0
brain\008016.jpeg,"[1,0]",0.0
brain\008017.jpeg,"[1,0]",0.0
brain\008018.jpeg,"[1,0]",0.0
brain\008019.jpeg,"[1,0]",0.0
brain\008020.jpeg,"[1,0]",0.0
brain\008021.jpeg,"[1,0]",0.0
brain\008022.jpeg,"[1,0]",0.0
brain\008023.jpeg,"[1,0]",0.0
brain\008024.jpeg,"[1,0]",0.0
brain\008025.jpeg,"[1,0]",0.0
brain\008026.jpeg,"[1,0]",0.0
brain\008027.jpeg,"[1,0]",0.0
brain\008028.jpeg,"[1,0]",0.0
brain\008029.jpeg,"[1,0]",0.0
brain\008030.jpeg,"[1,0]",0.0
brain\008031.jpeg,"[1,0]",0.0
brain\008032.jpeg,"[1,0]",0.0
brain\008033.jpeg,"[1,0]",0.0
brain\008034.jpeg,"[1,0]",0.0
brain\008035.jpeg,"[1,0]",0.0
brain\008036.jpeg,"[1,0]",0.0
brain\008037.jpeg,"[1,0]",0.0
brain\008038.jpeg,"[1,0]",0.0
brain\008039.jpeg,"[1,0]",0.0
brain\008040.jpeg,"[1,0]",0.0
brain\008041.jpeg,"[1,0]",0.0
brain\008042.jpeg,"[1,0]",0.0
brain\008043.jpeg,"[1,0]",0.0
brain\008044.jpeg,"[1,0]",0.0
brain\008045.jpeg,"[1,0]",0.0
brain\008046.jpeg,"[1,0]",0.0
brain\008047.jpeg,"[1,0]",0.0
brain\008048.jpeg,"[1,0]",0.0
brain\008049.jpeg,"[1,0]",0.0
brain\008050.jpeg,"[1,0]",0.0
brain\008051.jpeg,"[1,0]",0.0
brain\008052.jpeg,"[1,0]",0.0
brain\008053.jpeg,"[1,0]",0.0
brain\008054.jpeg,"[1,0]",0.0
brain\008055.jpeg,"[1,0]",0.0
brain\008056.jpeg,"[1,0]",0.0
brain\008057.jpeg,"[1,0]",0.0
brain\008058.jpeg,"[1,0]",0.0
brain\008059.jpeg,"[1,0]",0.0
brain\008060.jpeg,"[1,0]",0.0
brain\008061.jpeg,"[1,0]",0.0
brain\008062.jpeg,"[1,0]",0.0
brain\008063.jpeg,"[1,0]",0.0
brain\008064.jpeg,"[1,0]",0.0
brain\008065.jpeg,"[1,0]",0.0
brain\008066.jpeg,"[1,0]",0.0
brain\008067.jpeg,"[1,0]",0.0
brain\008068.jpeg,"[1,0]",0.0
brain\008069.jpeg,"[1,0]",0.0
brain\008070.jpeg,"[1,0]",0.0
brain\008071.jpeg,"[1,0]",0.0
brain\008072.jpeg,"[1,0]",0.0
brain\008073.jpeg,"[1,0]",0.0
brain\008074.jpeg,"[1,0]",0.0
brain\008075.jpeg,"[1,0]",0.0
brain\008076.jpeg,"[1,0]",0.0
brain\008077.jpeg,"[1,0]",0.0
brain\008078.jpeg,"[1,0]",0.0
brain\008079.jpeg,"[1,0]",0.0
brain\008080.jpeg,"[1,0]",0.0
brain\008081.jpeg,"[1,0]",0.0
brain\008082.jpeg,"[1,0]",0.0
brain\008083.jpeg,"[1,0]",0.0
brain\008084.jpeg,"[1,0]",0.0
brain\008085.jpeg,"[1,0]",0.0
brain\008086.jpeg,"[1,0]",0.0
brain\008087.jpeg,"[1,0]",0.0
brain\008088.jpeg,"[1,0]",0.0
brain\008089.jpeg,"[1,0]",0.0
brain\008090.jpeg,"[1,0]",0.0
brain\008091.jpeg,"[1,0]",0.0
brain\008092.jpeg,"[1,0]",0.0
brain\008093.jpeg,"[1,0]",0.0
brain\008094.jpeg,"[1,0]",0.0
brain\008095.jpeg,"[1,0]",0.0
brain\008096.jpeg,"[1,0]",0.0
brain\008097.jpeg,"[1,0]",0.0
brain\008098.jpeg,"[1,0]",0.0
brain\008099.jpeg,"[1,0]",0.0
brain\008100.jpeg,"[1,0]",0.0
brain\008101.jpeg,"[1,0]",0.0
brain\008102.jpeg,"[1,0]",0.0
brain\008103.jpeg,"[1,0]",0.0
brain\008104.jpeg,"[1,0]",0.0
brain\008105.jpeg,"[1,0]",0.0
brain\008106.jpeg,"[1,0]",0.0
brain\008107.jpeg,"[1,0]",0.0
brain\008108.jpeg,"[1,0]",0.0
brain\008109.jpeg,"[1,0]",0.0
brain\008110.jpeg,"[1,0]",0.0
brain\008111.jpeg,"[1,0]",0.0
brain\008112.jpeg,"[1,0]",0.0
brain\008113.jpeg,"[1,0]",0.0
brain\008114.jpeg,"[1,0]",0.0
brain\008115.jpeg,"[1,0]",0.0
brain\008116.jpeg,"[1,0]",0.0
brain\008117.jpeg,"[1,0]",0.0
brain\008118.jpeg,"[1,0]",0.0
brain\008119.jpeg,"[1,0]",0.0
brain\008120.jpeg,"[1,0]",0.0
brain\008121.jpeg,"[1,0]",0.0
brain\008122.jpeg,"[1,0]",0.0
brain\008123.jpeg,"[1,0]",0.0
brain\008124.jpeg,"[1,0]",0.0
brain\008125.jpeg,"[1,0]",0.0
brain\008126.jpeg,"[1,0]",0.0
brain\008127.jpeg,"[1,0]",0.0
brain\008128.jpeg,"[1,0]",0.0
brain\008129.jpeg,"[1,0]",0.0
brain\008130.jpeg,"[1,0]",0.0
brain\008131.jpeg,"[1,0]",0.0
brain\008132.jpeg,"[1,0]",0.0
brain\008133.jpeg,"[1,0]",0.0
brain\008134.jpeg,"[1,0]",0.0
brain\008135.jpeg,"[1,0]",0.0
brain\008136.jpeg,"[1,0]",0.0
brain\008137.jpeg,"[1,0]",0.0
brain\008138.jpeg,"[1,0]",0.0
brain\008139.jpeg,"[1,0]",0.0
brain\008140.jpeg,"[1,0]",0.0
brain\008141.jpeg,"[1,0]",0.0
brain\008142.jpeg,"[1,0]",0.0
brain\008143.jpeg,"[1,0]",0.0
brain\008144.jpeg,"[1,0]",0.0
brain\008145.jpeg,"[1,0]",0.0
brain\008146.jpeg,"[1,0]",0.0
brain\008147.jpeg,"[1,0]",0.0
brain\008148.jpeg,"[1,0]",0.0
brain\008149.jpeg,"[1,0]",0.0
brain\008150.jpeg,"[1,0]",0.0
brain\008151.jpeg,"[1,0]",0.0
brain\008152.jpeg,"[1,0]",0.0
brain\008153.jpeg,"[1,0]",0.0
brain\008154.jpeg,"[1,0]",0.0
brain\008155.jpeg,"[1,0]",0.0
brain\008156.jpeg,"[1,0]",0.0
brain\008157.jpeg,"[1,0]",0.0
brain\008158.jpeg,"[1,0]",0.0
brain\008159.jpeg,"[1,0]",0.0
brain\008160.jpeg,"[1,0]",0.0
brain\008161.jpeg,"[1,0]",0.0
brain\008162.jpeg,"[1,0]",0.0
brain\008163.jpeg,"[1,0]",0.0
brain\008164.jpeg,"[1,0]",0.0
brain\008165.jpeg,"[1,0]",0.0
brain\008166.jpeg,"[1,0]",0.0
brain\008167.jpeg,"[1,0]",0.0
brain\008168.jpeg,"[1,0]",0.0
brain\008169.jpeg,"[1,0]",0.0
brain\008170.jpeg,"[1,0]",0.0
brain\008171.jpeg,"[1,0]",0.0
brain\008172.jpeg,"[1,0]",0.0
brain\008173.jpeg,"[1,0]",0.0
brain\008174.jpeg,"[1,0]",0.0
brain\008175.jpeg,"[1,0]",0.0
brain\008176.jpeg,"[1,0]",0.0
brain\008177.jpeg,"[1,0]",0.0
brain\008178.jpeg,"[1,0]",0.0
brain\008179.jpeg,"[1,0]",0.0
brain\008180.jpeg,"[1,0]",0.0
brain\008181.jpeg,"[1,0]",0.0
brain\008182.jpeg,"[1,0]",0.0
brain\008183.jpeg,"[1,0]",0.0
brain\008184.jpeg,"[1,0]",0.0
brain\008185.jpeg,"[1,0]",0.0
brain\008186.jpeg,"[1,0]",0.0
brain\008187.jpeg,"[1,0]",0.0
brain\008188.jpeg,"[1,0]",0.0
brain\008189.jpeg,"[1,0]",0.0
brain\008190.jpeg,"[1,0]",0.0
brain\008191.jpeg,"[1,0]",0.0
brain\008192.jpeg,"[1,0]",0.0
brain\008193.jpeg,"[1,0]",0.0
brain\008194.jpeg,"[1,0]",0.0
brain\008195.jpeg,"[1,0]",0.0
brain\008196.jpeg,"[1,0]",0.0
brain\008197.jpeg,"[1,0]",0.0
brain\008198.jpeg,"[1,0]",0.0
brain\008199.jpeg,"[1,0]",0.0
brain\008200.jpeg,"[1,0]",0.0
brain\008201.jpeg,"[1,0]",0.0
brain\008202.jpeg,"[1,0]",0.0
brain\008203.jpeg,"[1,0]",0.0
brain\008204.jpeg,"[1,0]",0.0
brain\008205.jpeg,"[1,0]",0.0
brain\008206.jpeg,"[1,0]",0.0
brain\008207.jpeg,"[1,0]",0.0
brain\008208.jpeg,"[1,0]",0.0
brain\008209.jpeg,"[1,0]",0.0
brain\008210.jpeg,"[1,0]",0.0
brain\008211.jpeg,"[1,0]",0.0
brain\008212.jpeg,"[1,0]",0.0
brain\008213.jpeg,"[1,0]",0.0
brain\008214.jpeg,"[1,0]",0.0
brain\008215.jpeg,"[1,0]",0.0
brain\008216.jpeg,"[1,0]",0.0
brain\008217.jpeg,"[1,0]",0.0
brain\008218.jpeg,"[1,0]",0.0
brain\008219.jpeg,"[1,0]",0.0
brain\008220.jpeg,"[1,0]",0.0
brain\008221.jpeg,"[1,0]",0.0
brain\008222.jpeg,"[1,0]",0.0
brain\008223.jpeg,"[1,0]",0.0
brain\008224.jpeg,"[1,0]",0.0
brain\008225.jpeg,"[1,0]",0.0
brain\008226.jpeg,"[1,0]",0.0
brain\008227.jpeg,"[1,0]",0.0
brain\008228.jpeg,"[1,0]",0.0
brain\008229.jpeg,"[1,0]",0.0
brain\008230.jpeg,"[1,0]",0.0
brain\008231.jpeg,"[1,0]",0.0
brain\008232.jpeg,"[1,0]",0.0
brain\008233.jpeg,"[1,0]",0.0
brain\008234.jpeg,"[1,0]",0.0
brain\008235.jpeg,"[1,0]",0.0
brain\008236.jpeg,"[1,0]",0.0
brain\008237.jpeg,"[1,0]",0.0
brain\008238.jpeg,"[1,0]",0.0
brain\008239.jpeg,"[1,0]",0.0
brain\008240.jpeg,"[1,0]",0.0
brain\008241.jpeg,"[1,0]",0.0
brain\008242.jpeg,"[1,0]",0.0
brain\008243.jpeg,"[1,0]",0.0
brain\008244.jpeg,"[1,0]",0.0
brain\008245.jpeg,"[1,0]",0.0
brain\008246.jpeg,"[1,0]",0.0
brain\008247.jpeg,"[1,0]",0.0
brain\008248.jpeg,"[1,0]",0.0
brain\008249.jpeg,"[1,0]",0.0
brain\008250.jpeg,"[1,0]",0.0
brain\008251.jpeg,"[1,0]",0.0
brain\008252.jpeg,"[1,0]",0.0
brain\008253.jpeg,"[1,0]",0.0
brain\008254.jpeg,"[1,0]",0.0
brain\008255.jpeg,"[1,0]",0.0
brain\008256.jpeg,"[1,0]",0.0
brain\008257.jpeg,"[1,0]",0.0
brain\008258.jpeg,"[1,0]",0.0
brain\008259.jpeg,"[1,0]",0.0
brain\008260.jpeg,"[1,0]",0.0
brain\008261.jpeg,"[1,0]",0.0
brain\008262.jpeg,"[1,0]",0.0
brain\008263.jpeg,"[1,0]",0.0
brain\008264.jpeg,"[1,0]",0.0
brain\008265.jpeg,"[1,0]",0.0
brain\008266.jpeg,"[1,0]",0.0
brain\008267.jpeg,"[1,0]",0.0
brain\008268.jpeg,"[1,0]",0.0
brain\008269.jpeg,"[1,0]",0.0
brain\008270.jpeg,"[1,0]",0.0
brain\008271.jpeg,"[1,0]",0.0
brain\008272.jpeg,"[1,0]",0.0
brain\008273.jpeg,"[1,0]",0.0
brain\008274.jpeg,"[1,0]",0.0
brain\008275.jpeg,"[1,0]",0.0
brain\008276.jpeg,"[1,0]",0.0
brain\008277.jpeg,"[1,0]",0.0
brain\008278.jpeg,"[1,0]",0.0
brain\008279.jpeg,"[1,0]",0.0
brain\008280.jpeg,"[1,0]",0.0
brain\008281.jpeg,"[1,0]",0.0
brain\008282.jpeg,"[1,0]",0.0
brain\008283.jpeg,"[1,0]",0.0
brain\008284.jpeg,"[1,0]",0.0
brain\008285.jpeg,"[1,0]",0.0
brain\008286.jpeg,"[1,0]",0.0
brain\008287.jpeg,"[1,0]",0.0
brain\008288.jpeg,"[1,0]",0.0
brain\008289.jpeg,"[1,0]",0.0
brain\008290.jpeg,"[1,0]",0.0
brain\008291.jpeg,"[1,0]",0.0
brain\008292.jpeg,"[1,0]",0.0
brain\008293.jpeg,"[1,0]",0.0
brain\008294.jpeg,"[1,0]",0.0
brain\008295.jpeg,"[1,0]",0.0
brain\008296.jpeg,"[1,0]",0.0
brain\008297.jpeg,"[1,0]",0.0
brain\008298.jpeg,"[1,0]",0.0
brain\008299.jpeg,"[1,0]",0.0
brain\008300.jpeg,"[1,0]",0.0
brain\008301.jpeg,"[1,0]",0.0
brain\008302.jpeg,"[1,0]",0.0
brain\008303.jpeg,"[1,0]",0.0
brain\008304.jpeg,"[1,0]",0.0
brain\008305.jpeg,"[1,0]",0.0
brain\008306.jpeg,"[1,0]",0.0
brain\008307.jpeg,"[1,0]",0.0
brain\008308.jpeg,"[1,0]",0.0
brain\008309.jpeg,"[1,0]",0.0
brain\008310.jpeg,"[1,0]",0.0
brain\008311.jpeg,"[1,0]",0.0
brain\008312.jpeg,"[1,0]",0.0
brain\008313.jpeg,"[1,0]",0.0
brain\008314.jpeg,"[1,0]",0.0
brain\008315.jpeg,"[1,0]",0.0
brain\008316.jpeg,"[1,0]",0.0
brain\008317.jpeg,"[1,0]",0.0
brain\008318.jpeg,"[1,0]",0.0
brain\008319.jpeg,"[1,0]",0.0
brain\008320.jpeg,"[1,0]",0.0
brain\008321.jpeg,"[1,0]",0.0
brain\008322.jpeg,"[1,0]",0.0
brain\008323.jpeg,"[1,0]",0.0
brain\008324.jpeg,"[1,0]",0.0
brain\008325.jpeg,"[1,0]",0.0
brain\008326.jpeg,"[1,0]",0.0
brain\008327.jpeg,"[1,0]",0.0
brain\008328.jpeg,"[1,0]",0.0
brain\008329.jpeg,"[1,0]",0.0
brain\008330.jpeg,"[1,0]",0.0
brain\008331.jpeg,"[1,0]",0.0
brain\008332.jpeg,"[1,0]",0.0
brain\008333.jpeg,"[1,0]",0.0
brain\008334.jpeg,"[1,0]",0.0
brain\008335.jpeg,"[1,0]",0.0
brain\008336.jpeg,"[1,0]",0.0
brain\008337.jpeg,"[1,0]",0.0
brain\008338.jpeg,"[1,0]",0.0
brain\008339.jpeg,"[1,0]",0.0
brain\008340.jpeg,"[1,0]",0.0
brain\008341.jpeg,"[1,0]",0.0
brain\008342.jpeg,"[1,0]",0.0
brain\008343.jpeg,"[1,0]",0.0
brain\008344.jpeg,"[1,0]",0.0
brain\008345.jpeg,"[1,0]",0.0
brain\008346.jpeg,"[1,0]",0.0
brain\008347.jpeg,"[1,0]",0.0
brain\008348.jpeg,"[1,0]",0.0
brain\008349.jpeg,"[1,0]",0.0
brain\008350.jpeg,"[1,0]",0.0
brain\008351.jpeg,"[1,0]",0.0
brain\008352.jpeg,"[1,0]",0.0
brain\008353.jpeg,"[1,0]",0.0
brain\008354.jpeg,"[1,0]",0.0
brain\008355.jpeg,"[1,0]",0.0
brain\008356.jpeg,"[1,0]",0.0
brain\008357.jpeg,"[1,0]",0.0
brain\008358.jpeg,"[1,0]",0.0
brain\008359.jpeg,"[1,0]",0.0
brain\008360.jpeg,"[1,0]",0.0
brain\008361.jpeg,"[1,0]",0.0
brain\008362.jpeg,"[1,0]",0.0
brain\008363.jpeg,"[1,0]",0.0
brain\008364.jpeg,"[1,0]",0.0
brain\008365.jpeg,"[1,0]",0.0
brain\008366.jpeg,"[1,0]",0.0
brain\008367.jpeg,"[1,0]",0.0
brain\008368.jpeg,"[1,0]",0.0
brain\008369.jpeg,"[1,0]",0.0
brain\008370.jpeg,"[1,0]",0.0
brain\008371.jpeg,"[1,0]",0.0
brain\008372.jpeg,"[1,0]",0.0
brain\008373.jpeg,"[1,0]",0.0
brain\008374.jpeg,"[1,0]",0.0
brain\008375.jpeg,"[1,0]",0.0
brain\008376.jpeg,"[1,0]",0.0
brain\008377.jpeg,"[1,0]",0.0
brain\008378.jpeg,"[1,0]",0.0
brain\008379.jpeg,"[1,0]",0.0
brain\008380.jpeg,"[1,0]",0.0
brain\008381.jpeg,"[1,0]",0.0
brain\008382.jpeg,"[1,0]",0.0
brain\008383.jpeg,"[1,0]",0.0
brain\008384.jpeg,"[1,0]",0.0
brain\008385.jpeg,"[1,0]",0.0
brain\008386.jpeg,"[1,0]",0.0
brain\008387.jpeg,"[1,0]",0.0
brain\008388.jpeg,"[1,0]",0.0
brain\008389.jpeg,"[1,0]",0.0
brain\008390.jpeg,"[1,0]",0.0
brain\008391.jpeg,"[1,0]",0.0
brain\008392.jpeg,"[1,0]",0.0
brain\008393.jpeg,"[1,0]",0.0
brain\008394.jpeg,"[1,0]",0.0
brain\008395.jpeg,"[1,0]",0.0
brain\008396.jpeg,"[1,0]",0.0
brain\008397.jpeg,"[1,0]",0.0
brain\008398.jpeg,"[1,0]",0.0
brain\008399.jpeg,"[1,0]",0.0
brain\008400.jpeg,"[1,0]",0.0
brain\008401.jpeg,"[1,0]",0.0
brain\008402.jpeg,"[1,0]",0.0
brain\008403.jpeg,"[1,0]",0.0
brain\008404.jpeg,"[1,0]",0.0
brain\008405.jpeg,"[1,0]",0.0
brain\008406.jpeg,"[1,0]",0.0
brain\008407.jpeg,"[1,0]",0.0
brain\008408.jpeg,"[1,0]",0.0
brain\008409.jpeg,"[1,0]",0.0
brain\008410.jpeg,"[1,0]",0.0
brain\008411.jpeg,"[1,0]",0.0
brain\008412.jpeg,"[1,0]",0.0
brain\008413.jpeg,"[1,0]",0.0
brain\008414.jpeg,"[1,0]",0.0
brain\008415.jpeg,"[1,0]",0.0
brain\008416.jpeg,"[1,0]",0.0
brain\008417.jpeg,"[1,0]",0.0
brain\008418.jpeg,"[1,0]",0.0
brain\008419.jpeg,"[1,0]",0.0
brain\008420.jpeg,"[1,0]",0.0
brain\008421.jpeg,"[1,0]",0.0
brain\008422.jpeg,"[1,0]",0.0
brain\008423.jpeg,"[1,0]",0.0
brain\008424.jpeg,"[1,0]",0.0
brain\008425.jpeg,"[1,0]",0.0
brain\008426.jpeg,"[1,0]",0.0
brain\008427.jpeg,"[1,0]",0.0
brain\008428.jpeg,"[1,0]",0.0
brain\008429.jpeg,"[1,0]",0.0
brain\008430.jpeg,"[1,0]",0.0
brain\008431.jpeg,"[1,0]",0.0
brain\008432.jpeg,"[1,0]",0.0
brain\008433.jpeg,"[1,0]",0.0
brain\008434.jpeg,"[1,0]",0.0
brain\008435.jpeg,"[1,0]",0.0
brain\008436.jpeg,"[1,0]",0.0
brain\008437.jpeg,"[1,0]",0.0
brain\008438.jpeg,"[1,0]",0.0
brain\008439.jpeg,"[1,0]",0.0
brain\008440.jpeg,"[1,0]",0.0
brain\008441.jpeg,"[1,0]",0.0
brain\008442.jpeg,"[1,0]",0.0
brain\008443.jpeg,"[1,0]",0.0
brain\008444.jpeg,"[1,0]",0.0
brain\008445.jpeg,"[1,0]",0.0
brain\008446.jpeg,"[1,0]",0.0
brain\008447.jpeg,"[1,0]",0.0
brain\008448.jpeg,"[1,0]",0.0
brain\008449.jpeg,"[1,0]",0.0
brain\008450.jpeg,"[1,0]",0.0
brain\008451.jpeg,"[1,0]",0.0
brain\008452.jpeg,"[1,0]",0.0
brain\008453.jpeg,"[1,0]",0.0
brain\008454.jpeg,"[1,0]",0.0
brain\008455.jpeg,"[1,0]",0.0
brain\008456.jpeg,"[1,0]",0.0
brain\008457.jpeg,"[1,0]",0.0
brain\008458.jpeg,"[1,0]",0.0
brain\008459.jpeg,"[1,0]",0.0
brain\008460.jpeg,"[1,0]",0.0
brain\008461.jpeg,"[1,0]",0.0
brain\008462.jpeg,"[1,0]",0.0
brain\008463.jpeg,"[1,0]",0.0
brain\008464.jpeg,"[1,0]",0.0
brain\008465.jpeg,"[1,0]",0.0
brain\008466.jpeg,"[1,0]",0.0
brain\008467.jpeg,"[1,0]",0.0
brain\008468.jpeg,"[1,0]",0.0
brain\008469.jpeg,"[1,0]",0.0
brain\008470.jpeg,"[1,0]",0.0
brain\008471.jpeg,"[1,0]",0.0
brain\008472.jpeg,"[1,0]",0.0
brain\008473.jpeg,"[1,0]",0.0
brain\008474.jpeg,"[1,0]",0.0
brain\008475.jpeg,"[1,0]",0.0
brain\008476.jpeg,"[1,0]",0.0
brain\008477.jpeg,"[1,0]",0.0
brain\008478.jpeg,"[1,0]",0.0
brain\008479.jpeg,"[1,0]",0.0
brain\008480.jpeg,"[1,0]",0.0
brain\008481.jpeg,"[1,0]",0.0
brain\008482.jpeg,"[1,0]",0.0
brain\008483.jpeg,"[1,0]",0.0
brain\008484.jpeg,"[1,0]",0.0
brain\008485.jpeg,"[1,0]",0.0
brain\008486.jpeg,"[1,0]",0.0
brain\008487.jpeg,"[1,0]",0.0
brain\008488.jpeg,"[1,0]",0.0
brain\008489.jpeg,"[1,0]",0.0
brain\008490.jpeg,"[1,0]",0.0
brain\008491.jpeg,"[1,0]",0.0
brain\008492.jpeg,"[1,0]",0.0
brain\008493.jpeg,"[1,0]",0.0
brain\008494.jpeg,"[1,0]",0.0
brain\008495.jpeg,"[1,0]",0.0
brain\008496.jpeg,"[1,0]",0.0
brain\008497.jpeg,"[1,0]",0.0
brain\008498.jpeg,"[1,0]",0.0
brain\008499.jpeg,"[1,0]",0.0
brain\008500.jpeg,"[1,0]",0.0
brain\008501.jpeg,"[1,0]",0.0
brain\008502.jpeg,"[1,0]",0.0
brain\008503.jpeg,"[1,0]",0.0
brain\008504.jpeg,"[1,0]",0.0
brain\008505.jpeg,"[1,0]",0.0
brain\008506.jpeg,"[1,0]",0.0
brain\008507.jpeg,"[1,0]",0.0
brain\008508.jpeg,"[1,0]",0.0
brain\008509.jpeg,"[1,0]",0.0
brain\008510.jpeg,"[1,0]",0.0
brain\008511.jpeg,"[1,0]",0.0
brain\008512.jpeg,"[1,0]",0.0
brain\008513.jpeg,"[1,0]",0.0
brain\008514.jpeg,"[1,0]",0.0
brain\008515.jpeg,"[1,0]",0.0
brain\008516.jpeg,"[1,0]",0.0
brain\008517.jpeg,"[1,0]",0.0
brain\008518.jpeg,"[1,0]",0.0
brain\008519.jpeg,"[1,0]",0.0
brain\008520.jpeg,"[1,0]",0.0
brain\008521.jpeg,"[1,0]",0.0
brain\008522.jpeg,"[1,0]",0.0
brain\008523.jpeg,"[1,0]",0.0
brain\008524.jpeg,"[1,0]",0.0
brain\008525.jpeg,"[1,0]",0.0
brain\008526.jpeg,"[1,0]",0.0
brain\008527.jpeg,"[1,0]",0.0
brain\008528.jpeg,"[1,0]",0.0
brain\008529.jpeg,"[1,0]",0.0
brain\008530.jpeg,"[1,0]",0.0
brain\008531.jpeg,"[1,0]",0.0
brain\008532.jpeg,"[1,0]",0.0
brain\008533.jpeg,"[1,0]",0.0
brain\008534.jpeg,"[1,0]",0.0
brain\008535.jpeg,"[1,0]",0.0
brain\008536.jpeg,"[1,0]",0.0
brain\008537.jpeg,"[1,0]",0.0
brain\008538.jpeg,"[1,0]",0.0
brain\008539.jpeg,"[1,0]",0.0
brain\008540.jpeg,"[1,0]",0.0
brain\008541.jpeg,"[1,0]",0.0
brain\008542.jpeg,"[1,0]",0.0
brain\008543.jpeg,"[1,0]",0.0
brain\008544.jpeg,"[1,0]",0.0
brain\008545.jpeg,"[1,0]",0.0
brain\008546.jpeg,"[1,0]",0.0
brain\008547.jpeg,"[1,0]",0.0
brain\008548.jpeg,"[1,0]",0.0
brain\008549.jpeg,"[1,0]",0.0
brain\008550.jpeg,"[1,0]",0.0
brain\008551.jpeg,"[1,0]",0.0
brain\008552.jpeg,"[1,0]",0.0
brain\008553.jpeg,"[1,0]",0.0
brain\008554.jpeg,"[1,0]",0.0
brain\008555.jpeg,"[1,0]",0.0
brain\008556.jpeg,"[1,0]",0.0
brain\008557.jpeg,"[1,0]",0.0
brain\008558.jpeg,"[1,0]",0.0
brain\008559.jpeg,"[1,0]",0.0
brain\008560.jpeg,"[1,0]",0.0
brain\008561.jpeg,"[1,0]",0.0
brain\008562.jpeg,"[1,0]",0.0
brain\008563.jpeg,"[1,0]",0.0
brain\008564.jpeg,"[1,0]",0.0
brain\008565.jpeg,"[1,0]",0.0
brain\008566.jpeg,"[1,0]",0.0
brain\008567.jpeg,"[1,0]",0.0
brain\008568.jpeg,"[1,0]",0.0
brain\008569.jpeg,"[1,0]",0.0
brain\008570.jpeg,"[1,0]",0.0
brain\008571.jpeg,"[1,0]",0.0
brain\008572.jpeg,"[1,0]",0.0
brain\008573.jpeg,"[1,0]",0.0
brain\008574.jpeg,"[1,0]",0.0
brain\008575.jpeg,"[1,0]",0.0
brain\008576.jpeg,"[1,0]",0.0
brain\008577.jpeg,"[1,0]",0.0
brain\008578.jpeg,"[1,0]",0.0
brain\008579.jpeg,"[1,0]",0.0
brain\008580.jpeg,"[1,0]",0.0
brain\008581.jpeg,"[1,0]",0.0
brain\008582.jpeg,"[1,0]",0.0
brain\008583.jpeg,"[1,0]",0.0
brain\008584.jpeg,"[1,0]",0.0
brain\008585.jpeg,"[1,0]",0.0
brain\008586.jpeg,"[1,0]",0.0
brain\008587.jpeg,"[1,0]",0.0
brain\008588.jpeg,"[1,0]",0.0
brain\008589.jpeg,"[1,0]",0.0
brain\008590.jpeg,"[1,0]",0.0
brain\008591.jpeg,"[1,0]",0.0
brain\008592.jpeg,"[1,0]",0.0
brain\008593.jpeg,"[1,0]",0.0
brain\008594.jpeg,"[1,0]",0.0
brain\008595.jpeg,"[1,0]",0.0
brain\008596.jpeg,"[1,0]",0.0
brain\008597.jpeg,"[1,0]",0.0
brain\008598.jpeg,"[1,0]",0.0
brain\008599.jpeg,"[1,0]",0.0
brain\008600.jpeg,"[1,0]",0.0
brain\008601.jpeg,"[1,0]",0.0
brain\008602.jpeg,"[1,0]",0.0
brain\008603.jpeg,"[1,0]",0.0
brain\008604.jpeg,"[1,0]",0.0
brain\008605.jpeg,"[1,0]",0.0
brain\008606.jpeg,"[1,0]",0.0
brain\008607.jpeg,"[1,0]",0.0
brain\008608.jpeg,"[1,0]",0.0
brain\008609.jpeg,"[1,0]",0.0
brain\008610.jpeg,"[1,0]",0.0
brain\008611.jpeg,"[1,0]",0.0
brain\008612.jpeg,"[1,0]",0.0
brain\008613.jpeg,"[1,0]",0.0
brain\008614.jpeg,"[1,0]",0.0
brain\008615.jpeg,"[1,0]",0.0
brain\008616.jpeg,"[1,0]",0.0
brain\008617.jpeg,"[1,0]",0.0
brain\008618.jpeg,"[1,0]",0.0
brain\008619.jpeg,"[1,0]",0.0
brain\008620.jpeg,"[1,0]",0.0
brain\008621.jpeg,"[1,0]",0.0
brain\008622.jpeg,"[1,0]",0.0
brain\008623.jpeg,"[1,0]",0.0
brain\008624.jpeg,"[1,0]",0.0
brain\008625.jpeg,"[1,0]",0.0
brain\008626.jpeg,"[1,0]",0.0
brain\008627.jpeg,"[1,0]",0.0
brain\008628.jpeg,"[1,0]",0.0
brain\008629.jpeg,"[1,0]",0.0
brain\008630.jpeg,"[1,0]",0.0
brain\008631.jpeg,"[1,0]",0.0
brain\008632.jpeg,"[1,0]",0.0
brain\008633.jpeg,"[1,0]",0.0
brain\008634.jpeg,"[1,0]",0.0
brain\008635.jpeg,"[1,0]",0.0
brain\008636.jpeg,"[1,0]",0.0
brain\008637.jpeg,"[1,0]",0.0
brain\008638.jpeg,"[1,0]",0.0
brain\008639.jpeg,"[1,0]",0.0
brain\008640.jpeg,"[1,0]",0.0
brain\008641.jpeg,"[1,0]",0.0
brain\008642.jpeg,"[1,0]",0.0
brain\008643.jpeg,"[1,0]",0.0
brain\008644.jpeg,"[1,0]",0.0
brain\008645.jpeg,"[1,0]",0.0
brain\008646.jpeg,"[1,0]",0.0
brain\008647.jpeg,"[1,0]",0.0
brain\008648.jpeg,"[1,0]",0.0
brain\008649.jpeg,"[1,0]",0.0
brain\008650.jpeg,"[1,0]",0.0
brain\008651.jpeg,"[1,0]",0.0
brain\008652.jpeg,"[1,0]",0.0
brain\008653.jpeg,"[1,0]",0.0
brain\008654.jpeg,"[1,0]",0.0
brain\008655.jpeg,"[1,0]",0.0
brain\008656.jpeg,"[1,0]",0.0
brain\008657.jpeg,"[1,0]",0.0
brain\008658.jpeg,"[1,0]",0.0
brain\008659.jpeg,"[1,0]",0.0
brain\008660.jpeg,"[1,0]",0.0
brain\008661.jpeg,"[1,0]",0.0
brain\008662.jpeg,"[1,0]",0.0
brain\008663.jpeg,"[1,0]",0.0
brain\008664.jpeg,"[1,0]",0.0
brain\008665.jpeg,"[1,0]",0.0
brain\008666.jpeg,"[1,0]",0.0
brain\008667.jpeg,"[1,0]",0.0
chest\007604.jpeg,"[0,1]",1.0
chest\007605.jpeg,"[0,1]",1.0
chest\007606.jpeg,"[0,1]",1.0
chest\007607.jpeg,"[0,1]",1.0
chest\007608.jpeg,"[0,1]",1.0
chest\007609.jpeg,"[0,1]",1.0
chest\007610.jpeg,"[0,1]",1.0
chest\007611.jpeg,"[0,1]",1.0
chest\007612.jpeg,"[0,1]",1.0
chest\007613.jpeg,"[0,1]",1.0
chest\007614.jpeg,"[0,1]",1.0
chest\007615.jpeg,"[0,1]",1.0
chest\007616.jpeg,"[0,1]",1.0
chest\007617.jpeg,"[0,1]",1.0
chest\007618.jpeg,"[0,1]",1.0
chest\007619.jpeg,"[0,1]",1.0
chest\007620.jpeg,"[0,1]",1.0
chest\007621.jpeg,"[0,1]",1.0
chest\007622.jpeg,"[0,1]",1.0
chest\007623.jpeg,"[0,1]",1.0
chest\007624.jpeg,"[0,1]",1.0
chest\007625.jpeg,"[0,1]",1.0
chest\007626.jpeg,"[0,1]",1.0
chest\007627.jpeg,"[0,1]",1.0
chest\007628.jpeg,"[0,1]",1.0
chest\007629.jpeg,"[0,1]",1.0
chest\007630.jpeg,"[0,1]",1.0
chest\007631.jpeg,"[0,1]",1.0
chest\007632.jpeg,"[0,1]",1.0
chest\007633.jpeg,"[0,1]",1.0
chest\007634.jpeg,"[0,1]",1.0
chest\007635.jpeg,"[0,1]",1.0
chest\007636.jpeg,"[0,1]",1.0
chest\007637.jpeg,"[0,1]",1.0
chest\007638.jpeg,"[0,1]",1.0
chest\007639.jpeg,"[0,1]",1.0
chest\007640.jpeg,"[0,1]",1.0
chest\007641.jpeg,"[0,1]",1.0
chest\007642.jpeg,"[0,1]",1.0
chest\007643.jpeg,"[0,1]",1.0
chest\007644.jpeg,"[0,1]",1.0
chest\007645.jpeg,"[0,1]",1.0
chest\007646.jpeg,"[0,1]",1.0
chest\007647.jpeg,"[0,1]",1.0
chest\007648.jpeg,"[0,1]",1.0
chest\007649.jpeg,"[0,1]",1.0
chest\007650.jpeg,"[0,1]",1.0
chest\007651.jpeg,"[0,1]",1.0
chest\007652.jpeg,"[0,1]",1.0
chest\007653.jpeg,"[0,1]",1.0
chest\007654.jpeg,"[0,1]",1.0
chest\007655.jpeg,"[0,1]",1.0
chest\007656.jpeg,"[0,1]",1.0
chest\007657.jpeg,"[0,1]",1.0
chest\007658.jpeg,"[0,1]",1.0
chest\007659.jpeg,"[0,1]",1.0
chest\007660.jpeg,"[0,1]",1.0
chest\007661.jpeg,"[0,1]",1.0
chest\007662.jpeg,"[0,1]",1.0
chest\007663.jpeg,"[0,1]",1.0
chest\007664.jpeg,"[0,1]",1.0
chest\007665.jpeg,"[0,1]",1.0
chest\007666.jpeg,"[0,1]",1.0
chest\007667.jpeg,"[0,1]",1.0
chest\007668.jpeg,"[0,1]",1.0
chest\007669.jpeg,"[0,1]",1.0
chest\007670.jpeg,"[0,1]",1.0
chest\007671.jpeg,"[0,1]",1.0
chest\007672.jpeg,"[0,1]",1.0
chest\007673.jpeg,"[0,1]",1.0
chest\007674.jpeg,"[0,1]",1.0
chest\007675.jpeg,"[0,1]",1.0
chest\007676.jpeg,"[0,1]",1.0
chest\007677.jpeg,"[0,1]",1.0
chest\007678.jpeg,"[0,1]",1.0
chest\007679.jpeg,"[0,1]",1.0
chest\007680.jpeg,"[0,1]",1.0
chest\007681.jpeg,"[0,1]",1.0
chest\007682.jpeg,"[0,1]",1.0
chest\007683.jpeg,"[0,1]",1.0
chest\007684.jpeg,"[0,1]",1.0
chest\007685.jpeg,"[0,1]",1.0
chest\007686.jpeg,"[0,1]",1.0
chest\007687.jpeg,"[0,1]",1.0
chest\007688.jpeg,"[0,1]",1.0
chest\007689.jpeg,"[0,1]",1.0
chest\007690.jpeg,"[0,1]",1.0
chest\007691.jpeg,"[0,1]",1.0
chest\007692.jpeg,"[0,1]",1.0
chest\007693.jpeg,"[0,1]",1.0
chest\007694.jpeg,"[0,1]",1.0
chest\007695.jpeg,"[0,1]",1.0
chest\007696.jpeg,"[0,1]",1.0
chest\007697.jpeg,"[0,1]",1.0
chest\007698.jpeg,"[0,1]",1.0
chest\007699.jpeg,"[0,1]",1.0
chest\007700.jpeg,"[0,1]",1.0
chest\007701.jpeg,"[0,1]",1.0
chest\007702.jpeg,"[0,1]",1.0
chest\007703.jpeg,"[0,1]",1.0
chest\007704.jpeg,"[0,1]",1.0
chest\007705.jpeg,"[0,1]",1.0
chest\007706.jpeg,"[0,1]",1.0
chest\007707.jpeg,"[0,1]",1.0
chest\007708.jpeg,"[0,1]",1.0
chest\007709.jpeg,"[0,1]",1.0
chest\007710.jpeg,"[0,1]",1.0
chest\007711.jpeg,"[0,1]",1.0
chest\007712.jpeg,"[0,1]",1.0
chest\007713.jpeg,"[0,1]",1.0
chest\007714.jpeg,"[0,1]",1.0
chest\007715.jpeg,"[0,1]",1.0
chest\007716.jpeg,"[0,1]",1.0
chest\007717.jpeg,"[0,1]",1.0
chest\007718.jpeg,"[0,1]",1.0
chest\007719.jpeg,"[0,1]",1.0
chest\007720.jpeg,"[0,1]",1.0
chest\007721.jpeg,"[0,1]",1.0
chest\007722.jpeg,"[0,1]",1.0
chest\007723.jpeg,"[0,1]",1.0
chest\007724.jpeg,"[0,1]",1.0
chest\007725.jpeg,"[0,1]",1.0
chest\007726.jpeg,"[0,1]",1.0
chest\007727.jpeg,"[0,1]",1.0
chest\007728.jpeg,"[0,1]",1.0
chest\007729.jpeg,"[0,1]",1.0
chest\007730.jpeg,"[0,1]",1.0
chest\007731.jpeg,"[0,1]",1.0
chest\007732.jpeg,"[0,1]",1.0
chest\007733.jpeg,"[0,1]",1.0
chest\007734.jpeg,"[0,1]",1.0
chest\007735.jpeg,"[0,1]",1.0
chest\007736.jpeg,"[0,1]",1.0
chest\007737.jpeg,"[0,1]",1.0
chest\007738.jpeg,"[0,1]",1.0
chest\007739.jpeg,"[0,1]",1.0
chest\007740.jpeg,"[0,1]",1.0
chest\007741.jpeg,"[0,1]",1.0
chest\007742.jpeg,"[0,1]",1.0
chest\007743.jpeg,"[0,1]",1.0
chest\007744.jpeg,"[0,1]",1.0
chest\007745.jpeg,"[0,1]",1.0
chest\007746.jpeg,"[0,1]",1.0
chest\007747.jpeg,"[0,1]",1.0
chest\007748.jpeg,"[0,1]",1.0
chest\007749.jpeg,"[0,1]",1.0
chest\007750.jpeg,"[0,1]",1.0
chest\007751.jpeg,"[0,1]",1.0
chest\007752.jpeg,"[0,1]",1.0
chest\007753.jpeg,"[0,1]",1.0
chest\007754.jpeg,"[0,1]",1.0
chest\007755.jpeg,"[0,1]",1.0
chest\007756.jpeg,"[0,1]",1.0
chest\007757.jpeg,"[0,1]",1.0
chest\007758.jpeg,"[0,1]",1.0
chest\007759.jpeg,"[0,1]",1.0
chest\007760.jpeg,"[0,1]",1.0
chest\007761.jpeg,"[0,1]",1.0
chest\007762.jpeg,"[0,1]",1.0
chest\007763.jpeg,"[0,1]",1.0
chest\007764.jpeg,"[0,1]",1.0
chest\007765.jpeg,"[0,1]",1.0
chest\007766.jpeg,"[0,1]",1.0
chest\007767.jpeg,"[0,1]",1.0
chest\007768.jpeg,"[0,1]",1.0
chest\007769.jpeg,"[0,1]",1.0
chest\007770.jpeg,"[0,1]",1.0
chest\007771.jpeg,"[0,1]",1.0
chest\007772.jpeg,"[0,1]",1.0
chest\007773.jpeg,"[0,1]",1.0
chest\007774.jpeg,"[0,1]",1.0
chest\007775.jpeg,"[0,1]",1.0
chest\007776.jpeg,"[0,1]",1.0
chest\007777.jpeg,"[0,1]",1.0
chest\007778.jpeg,"[0,1]",1.0
chest\007779.jpeg,"[0,1]",1.0
chest\007780.jpeg,"[0,1]",1.0
chest\007781.jpeg,"[0,1]",1.0
chest\007782.jpeg,"[0,1]",1.0
chest\007783.jpeg,"[0,1]",1.0
chest\007784.jpeg,"[0,1]",1.0
chest\007785.jpeg,"[0,1]",1.0
chest\007786.jpeg,"[0,1]",1.0
chest\007787.jpeg,"[0,1]",1.0
chest\007788.jpeg,"[0,1]",1.0
chest\007789.jpeg,"[0,1]",1.0
chest\007790.jpeg,"[0,1]",1.0
chest\007791.jpeg,"[0,1]",1.0
chest\007792.jpeg,"[0,1]",1.0
chest\007793.jpeg,"[0,1]",1.0
chest\007794.jpeg,"[0,1]",1.0
chest\007795.jpeg,"[0,1]",1.0
chest\007796.jpeg,"[0,1]",1.0
chest\007797.jpeg,"[0,1]",1.0
chest\007798.jpeg,"[0,1]",1.0
chest\007799.jpeg,"[0,1]",1.0
chest\007800.jpeg,"[0,1]",1.0
chest\007801.jpeg,"[0,1]",1.0
chest\007802.jpeg,"[0,1]",1.0
chest\007803.jpeg,"[0,1]",1.0
chest\007804.jpeg,"[0,1]",1.0
chest\007805.jpeg,"[0,1]",1.0
chest\007806.jpeg,"[0,1]",1.0
chest\007807.jpeg,"[0,1]",1.0
chest\007808.jpeg,"[0,1]",1.0
chest\007809.jpeg,"[0,1]",1.0
chest\007810.jpeg,"[0,1]",1.0
chest\007811.jpeg,"[0,1]",1.0
chest\007812.jpeg,"[0,1]",1.0
chest\007813.jpeg,"[0,1]",1.0
chest\007814.jpeg,"[0,1]",1.0
chest\007815.jpeg,"[0,1]",1.0
chest\007816.jpeg,"[0,1]",1.0
chest\007817.jpeg,"[0,1]",1.0
chest\007818.jpeg,"[0,1]",1.0
chest\007819.jpeg,"[0,1]",1.0
chest\007820.jpeg,"[0,1]",1.0
chest\007821.jpeg,"[0,1]",1.0
chest\007822.jpeg,"[0,1]",1.0
chest\007823.jpeg,"[0,1]",1.0
chest\007824.jpeg,"[0,1]",1.0
chest\007825.jpeg,"[0,1]",1.0
chest\007826.jpeg,"[0,1]",1.0
chest\007827.jpeg,"[0,1]",1.0
chest\007828.jpeg,"[0,1]",1.0
chest\007829.jpeg,"[0,1]",1.0
chest\007830.jpeg,"[0,1]",1.0
chest\007831.jpeg,"[0,1]",1.0
chest\007832.jpeg,"[0,1]",1.0
chest\007833.jpeg,"[0,1]",1.0
chest\007834.jpeg,"[0,1]",1.0
chest\007835.jpeg,"[0,1]",1.0
chest\007836.jpeg,"[0,1]",1.0
chest\007837.jpeg,"[0,1]",1.0
chest\007838.jpeg,"[0,1]",1.0
chest\007839.jpeg,"[0,1]",1.0
chest\007840.jpeg,"[0,1]",1.0
chest\007841.jpeg,"[0,1]",1.0
chest\007842.jpeg,"[0,1]",1.0
chest\007843.jpeg,"[0,1]",1.0
chest\007844.jpeg,"[0,1]",1.0
chest\007845.jpeg,"[0,1]",1.0
chest\007846.jpeg,"[0,1]",1.0
chest\007847.jpeg,"[0,1]",1.0
chest\007848.jpeg,"[0,1]",1.0
chest\007849.jpeg,"[0,1]",1.0
chest\007850.jpeg,"[0,1]",1.0
chest\007851.jpeg,"[0,1]",1.0
chest\007852.jpeg,"[0,1]",1.0
chest\007853.jpeg,"[0,1]",1.0
chest\007854.jpeg,"[0,1]",1.0
chest\007855.jpeg,"[0,1]",1.0
chest\007856.jpeg,"[0,1]",1.0
chest\007857.jpeg,"[0,1]",1.0
chest\007858.jpeg,"[0,1]",1.0
chest\007859.jpeg,"[0,1]",1.0
chest\007860.jpeg,"[0,1]",1.0
chest\007861.jpeg,"[0,1]",1.0
chest\007862.jpeg,"[0,1]",1.0
chest\007863.jpeg,"[0,1]",1.0
chest\007864.jpeg,"[0,1]",1.0
chest\007865.jpeg,"[0,1]",1.0
chest\007866.jpeg,"[0,1]",1.0
chest\007867.jpeg,"[0,1]",1.0
chest\007868.jpeg,"[0,1]",1.0
chest\007869.jpeg,"[0,1]",1.0
chest\007870.jpeg,"[0,1]",1.0
chest\007871.jpeg,"[0,1]",1.0
chest\007872.jpeg,"[0,1]",1.0
chest\007873.jpeg,"[0,1]",1.0
chest\007874.jpeg,"[0,1]",1.0
chest\007875.jpeg,"[0,1]",1.0
chest\007876.jpeg,"[0,1]",1.0
chest\007877.jpeg,"[0,1]",1.0
chest\007878.jpeg,"[0,1]",1.0
chest\007879.jpeg,"[0,1]",1.0
chest\007880.jpeg,"[0,1]",1.0
chest\007881.jpeg,"[0,1]",1.0
chest\007882.jpeg,"[0,1]",1.0
chest\007883.jpeg,"[0,1]",1.0
chest\007884.jpeg,"[0,1]",1.0
chest\007885.jpeg,"[0,1]",1.0
chest\007886.jpeg,"[0,1]",1.0
chest\007887.jpeg,"[0,1]",1.0
chest\007888.jpeg,"[0,1]",1.0
chest\007889.jpeg,"[0,1]",1.0
chest\007890.jpeg,"[0,1]",1.0
chest\007891.jpeg,"[0,1]",1.0
chest\007892.jpeg,"[0,1]",1.0
chest\007893.jpeg,"[0,1]",1.0
chest\007894.jpeg,"[0,1]",1.0
chest\007895.jpeg,"[0,1]",1.0
chest\007896.jpeg,"[0,1]",1.0
chest\007897.jpeg,"[0,1]",1.0
chest\007898.jpeg,"[0,1]",1.0
chest\007899.jpeg,"[0,1]",1.0
chest\007900.jpeg,"[0,1]",1.0
chest\007901.jpeg,"[0,1]",1.0
chest\007902.jpeg,"[0,1]",1.0
chest\007903.jpeg,"[0,1]",1.0
chest\007904.jpeg,"[0,1]",1.0
chest\007905.jpeg,"[0,1]",1.0
chest\007906.jpeg,"[0,1]",1.0
chest\007907.jpeg,"[0,1]",1.0
chest\007908.jpeg,"[0,1]",1.0
chest\007909.jpeg,"[0,1]",1.0
chest\007910.jpeg,"[0,1]",1.0
chest\007911.jpeg,"[0,1]",1.0
chest\007912.jpeg,"[0,1]",1.0
chest\007913.jpeg,"[0,1]",1.0
chest\007914.jpeg,"[0,1]",1.0
chest\007915.jpeg,"[0,1]",1.0
chest\007916.jpeg,"[0,1]",1.0
chest\007917.jpeg,"[0,1]",1.0
chest\007918.jpeg,"[0,1]",1.0
chest\007919.jpeg,"[0,1]",1.0
chest\007920.jpeg,"[0,1]",1.0
chest\007921.jpeg,"[0,1]",1.0
chest\007922.jpeg,"[0,1]",1.0
chest\007923.jpeg,"[0,1]",1.0
chest\007924.jpeg,"[0,1]",1.0
chest\007925.jpeg,"[0,1]",1.0
chest\007926.jpeg,"[0,1]",1.0
chest\007927.jpeg,"[0,1]",1.0
chest\007928.jpeg,"[0,1]",1.0
chest\007929.jpeg,"[0,1]",1.0
chest\007930.jpeg,"[0,1]",1.0
chest\007931.jpeg,"[0,1]",1.0
chest\007932.jpeg,"[0,1]",1.0
chest\007933.jpeg,"[0,1]",1.0
chest\007934.jpeg,"[0,1]",1.0
chest\007935.jpeg,"[0,1]",1.0
chest\007936.jpeg,"[0,1]",1.0
chest\007937.jpeg,"[0,1]",1.0
chest\007938.jpeg,"[0,1]",1.0
chest\007939.jpeg,"[0,1]",1.0
chest\007940.jpeg,"[0,1]",1.0
chest\007941.jpeg,"[0,1]",1.0
chest\007942.jpeg,"[0,1]",1.0
chest\007943.jpeg,"[0,1]",1.0
chest\007944.jpeg,"[0,1]",1.0
chest\007945.jpeg,"[0,1]",1.0
chest\007946.jpeg,"[0,1]",1.0
chest\007947.jpeg,"[0,1]",1.0
chest\007948.jpeg,"[0,1]",1.0
chest\007949.jpeg,"[0,1]",1.0
chest\007950.jpeg,"[0,1]",1.0
chest\007951.jpeg,"[0,1]",1.0
chest\007952.jpeg,"[0,1]",1.0
chest\007953.jpeg,"[0,1]",1.0
chest\007954.jpeg,"[0,1]",1.0
chest\007955.jpeg,"[0,1]",1.0
chest\007956.jpeg,"[0,1]",1.0
chest\007957.jpeg,"[0,1]",1.0
chest\007958.jpeg,"[0,1]",1.0
chest\007959.jpeg,"[0,1]",1.0
chest\007960.jpeg,"[0,1]",1.0
chest\007961.jpeg,"[0,1]",1.0
chest\007962.jpeg,"[0,1]",1.0
chest\007963.jpeg,"[0,1]",1.0
chest\007964.jpeg,"[0,1]",1.0
chest\007965.jpeg,"[0,1]",1.0
chest\007966.jpeg,"[0,1]",1.0
chest\007967.jpeg,"[0,1]",1.0
chest\007968.jpeg,"[0,1]",1.0
chest\007969.jpeg,"[0,1]",1.0
chest\007970.jpeg,"[0,1]",1.0
chest\007971.jpeg,"[0,1]",1.0
chest\007972.jpeg,"[0,1]",1.0
chest\007973.jpeg,"[0,1]",1.0
chest\007974.jpeg,"[0,1]",1.0
chest\007975.jpeg,"[0,1]",1.0
chest\007976.jpeg,"[0,1]",1.0
chest\007977.jpeg,"[0,1]",1.0
chest\007978.jpeg,"[0,1]",1.0
chest\007979.jpeg,"[0,1]",1.0
chest\007980.jpeg,"[0,1]",1.0
chest\007981.jpeg,"[0,1]",1.0
chest\007982.jpeg,"[0,1]",1.0
chest\007983.jpeg,"[0,1]",1.0
chest\007984.jpeg,"[0,1]",1.0
chest\007985.jpeg,"[0,1]",1.0
chest\007986.jpeg,"[0,1]",1.0
chest\007987.jpeg,"[0,1]",1.0
chest\007988.jpeg,"[0,1]",1.0
chest\007989.jpeg,"[0,1]",1.0
chest\007990.jpeg,"[0,1]",1.0
chest\007991.jpeg,"[0,1]",1.0
chest\007992.jpeg,"[0,1]",1.0
chest\007993.jpeg,"[0,1]",1.0
chest\007994.jpeg,"[0,1]",1.0
chest\007995.jpeg,"[0,1]",1.0
chest\007996.jpeg,"[0,1]",1.0
chest\007997.jpeg,"[0,1]",1.0
chest\007998.jpeg,"[0,1]",1.0
chest\007999.jpeg,"[0,1]",1.0
chest\008000.jpeg,"[0,1]",1.0
chest\008001.jpeg,"[0,1]",1.0
chest\008002.jpeg,"[0,1]",1.0
chest\008003.jpeg,"[0,1]",1.0
chest\008004.jpeg,"[0,1]",1.0
chest\008005.jpeg,"[0,1]",1.0
chest\008006.jpeg,"[0,1]",1.0
chest\008007.jpeg,"[0,1]",1.0
chest\008008.jpeg,"[0,1]",1.0
chest\008009.jpeg,"[0,1]",1.0
chest\008010.jpeg,"[0,1]",1.0
chest\008011.jpeg,"[0,1]",1.0
chest\008012.jpeg,"[0,1]",1.0
chest\008013.jpeg,"[0,1]",1.0
chest\008014.jpeg,"[0,1]",1.0
chest\008015.jpeg,"[0,1]",1.0
chest\008016.jpeg,"[0,1]",1.0
chest\008017.jpeg,"[0,1]",1.0
chest\008018.jpeg,"[0,1]",1.0
chest\008019.jpeg,"[0,1]",1.0
chest\008020.jpeg,"[0,1]",1.0
chest\008021.jpeg,"[0,1]",1.0
chest\008022.jpeg,"[0,1]",1.0
chest\008023.jpeg,"[0,1]",1.0
chest\008024.jpeg,"[0,1]",1.0
chest\008025.jpeg,"[0,1]",1.0
chest\008026.jpeg,"[0,1]",1.0
chest\008027.jpeg,"[0,1]",1.0
chest\008028.jpeg,"[0,1]",1.0
chest\008029.jpeg,"[0,1]",1.0
chest\008030.jpeg,"[0,1]",1.0
chest\008031.jpeg,"[0,1]",1.0
chest\008032.jpeg,"[0,1]",1.0
chest\008033.jpeg,"[0,1]",1.0
chest\008034.jpeg,"[0,1]",1.0
chest\008035.jpeg,"[0,1]",1.0
chest\008036.jpeg,"[0,1]",1.0
chest\008037.jpeg,"[0,1]",1.0
chest\008038.jpeg,"[0,1]",1.0
chest\008039.jpeg,"[0,1]",1.0
chest\008040.jpeg,"[0,1]",1.0
chest\008041.jpeg,"[0,1]",1.0
chest\008042.jpeg,"[0,1]",1.0
chest\008043.jpeg,"[0,1]",1.0
chest\008044.jpeg,"[0,1]",1.0
chest\008045.jpeg,"[0,1]",1.0
chest\008046.jpeg,"[0,1]",1.0
chest\008047.jpeg,"[0,1]",1.0
chest\008048.jpeg,"[0,1]",1.0
chest\008049.jpeg,"[0,1]",1.0
chest\008050.jpeg,"[0,1]",1.0
chest\008051.jpeg,"[0,1]",1.0
chest\008052.jpeg,"[0,1]",1.0
chest\008053.jpeg,"[0,1]",1.0
chest\008054.jpeg,"[0,1]",1.0
chest\008055.jpeg,"[0,1]",1.0
chest\008056.jpeg,"[0,1]",1.0
chest\008057.jpeg,"[0,1]",1.0
chest\008058.jpeg,"[0,1]",1.0
chest\008059.jpeg,"[0,1]",1.0
chest\008060.jpeg,"[0,1]",1.0
chest\008061.jpeg,"[0,1]",1.0
chest\008062.jpeg,"[0,1]",1.0
chest\008063.jpeg,"[0,1]",1.0
chest\008064.jpeg,"[0,1]",1.0
chest\008065.jpeg,"[0,1]",1.0
chest\008066.jpeg,"[0,1]",1.0
chest\008067.jpeg,"[0,1]",1.0
chest\008068.jpeg,"[0,1]",1.0
chest\008069.jpeg,"[0,1]",1.0
chest\008070.jpeg,"[0,1]",1.0
chest\008071.jpeg,"[0,1]",1.0
chest\008072.jpeg,"[0,1]",1.0
chest\008073.jpeg,"[0,1]",1.0
chest\008074.jpeg,"[0,1]",1.0
chest\008075.jpeg,"[0,1]",1.0
chest\008076.jpeg,"[0,1]",1.0
chest\008077.jpeg,"[0,1]",1.0
chest\008078.jpeg,"[0,1]",1.0
chest\008079.jpeg,"[0,1]",1.0
chest\008080.jpeg,"[0,1]",1.0
chest\008081.jpeg,"[0,1]",1.0
chest\008082.jpeg,"[0,1]",1.0
chest\008083.jpeg,"[0,1]",1.0
chest\008084.jpeg,"[0,1]",1.0
chest\008085.jpeg,"[0,1]",1.0
chest\008086.jpeg,"[0,1]",1.0
chest\008087.jpeg,"[0,1]",1.0
chest\008088.jpeg,"[0,1]",1.0
chest\008089.jpeg,"[0,1]",1.0
chest\008090.jpeg,"[0,1]",1.0
chest\008091.jpeg,"[0,1]",1.0
chest\008092.jpeg,"[0,1]",1.0
chest\008093.jpeg,"[0,1]",1.0
chest\008094.jpeg,"[0,1]",1.0
chest\008095.jpeg,"[0,1]",1.0
chest\008096.jpeg,"[0,1]",1.0
chest\008097.jpeg,"[0,1]",1.0
chest\008098.jpeg,"[0,1]",1.0
chest\008099.jpeg,"[0,1]",1.0
chest\008100.jpeg,"[0,1]",1.0
chest\008101.jpeg,"[0,1]",1.0
chest\008102.jpeg,"[0,1]",1.0
chest\008103.jpeg,"[0,1]",1.0
chest\008104.jpeg,"[0,1]",1.0
chest\008105.jpeg,"[0,1]",1.0
chest\008106.jpeg,"[0,1]",1.0
chest\008107.jpeg,"[0,1]",1.0
chest\008108.jpeg,"[0,1]",1.0
chest\008109.jpeg,"[0,1]",1.0
chest\008110.jpeg,"[0,1]",1.0
chest\008111.jpeg,"[0,1]",1.0
chest\008112.jpeg,"[0,1]",1.0
chest\008113.jpeg,"[0,1]",1.0
chest\008114.jpeg,"[0,1]",1.0
chest\008115.jpeg,"[0,1]",1.0
chest\008116.jpeg,"[0,1]",1.0
chest\008117.jpeg,"[0,1]",1.0
chest\008118.jpeg,"[0,1]",1.0
chest\008119.jpeg,"[0,1]",1.0
chest\008120.jpeg,"[0,1]",1.0
chest\008121.jpeg,"[0,1]",1.0
chest\008122.jpeg,"[0,1]",1.0
chest\008123.jpeg,"[0,1]",1.0
chest\008124.jpeg,"[0,1]",1.0
chest\008125.jpeg,"[0,1]",1.0
chest\008126.jpeg,"[0,1]",1.0
chest\008127.jpeg,"[0,1]",1.0
chest\008128.jpeg,"[0,1]",1.0
chest\008129.jpeg,"[0,1]",1.0
chest\008130.jpeg,"[0,1]",1.0
chest\008131.jpeg,"[0,1]",1.0
chest\008132.jpeg,"[0,1]",1.0
chest\008133.jpeg,"[0,1]",1.0
chest\008134.jpeg,"[0,1]",1.0
chest\008135.jpeg,"[0,1]",1.0
chest\008136.jpeg,"[0,1]",1.0
chest\008137.jpeg,"[0,1]",1.0
chest\008138.jpeg,"[0,1]",1.0
chest\008139.jpeg,"[0,1]",1.0
chest\008140.jpeg,"[0,1]",1.0
chest\008141.jpeg,"[0,1]",1.0
chest\008142.jpeg,"[0,1]",1.0
chest\008143.jpeg,"[0,1]",1.0
chest\008144.jpeg,"[0,1]",1.0
chest\008145.jpeg,"[0,1]",1.0
chest\008146.jpeg,"[0,1]",1.0
chest\008147.jpeg,"[0,1]",1.0
chest\008148.jpeg,"[0,1]",1.0
chest\008149.jpeg,"[0,1]",1.0
chest\008150.jpeg,"[0,1]",1.0
chest\008151.jpeg,"[0,1]",1.0
chest\008152.jpeg,"[0,1]",1.0
chest\008153.jpeg,"[0,1]",1.0
chest\008154.jpeg,"[0,1]",1.0
chest\008155.jpeg,"[0,1]",1.0
chest\008156.jpeg,"[0,1]",1.0
chest\008157.jpeg,"[0,1]",1.0
chest\008158.jpeg,"[0,1]",1.0
chest\008159.jpeg,"[0,1]",1.0
chest\008160.jpeg,"[0,1]",1.0
chest\008161.jpeg,"[0,1]",1.0
chest\008162.jpeg,"[0,1]",1.0
chest\008163.jpeg,"[0,1]",1.0
chest\008164.jpeg,"[0,1]",1.0
chest\008165.jpeg,"[0,1]",1.0
chest\008166.jpeg,"[0,1]",1.0
chest\008167.jpeg,"[0,1]",1.0
chest\008168.jpeg,"[0,1]",1.0
chest\008169.jpeg,"[0,1]",1.0
chest\008170.jpeg,"[0,1]",1.0
chest\008171.jpeg,"[0,1]",1.0
chest\008172.jpeg,"[0,1]",1.0
chest\008173.jpeg,"[0,1]",1.0
chest\008174.jpeg,"[0,1]",1.0
chest\008175.jpeg,"[0,1]",1.0
chest\008176.jpeg,"[0,1]",1.0
chest\008177.jpeg,"[0,1]",1.0
chest\008178.jpeg,"[0,1]",1.0
chest\008179.jpeg,"[0,1]",1.0
chest\008180.jpeg,"[0,1]",1.0
chest\008181.jpeg,"[0,1]",1.0
chest\008182.jpeg,"[0,1]",1.0
chest\008183.jpeg,"[0,1]",1.0
chest\008184.jpeg,"[0,1]",1.0
chest\008185.jpeg,"[0,1]",1.0
chest\008186.jpeg,"[0,1]",1.0
chest\008187.jpeg,"[0,1]",1.0
chest\008188.jpeg,"[0,1]",1.0
chest\008189.jpeg,"[0,1]",1.0
chest\008190.jpeg,"[0,1]",1.0
chest\008191.jpeg,"[0,1]",1.0
chest\008192.jpeg,"[0,1]",1.0
chest\008193.jpeg,"[0,1]",1.0
chest\008194.jpeg,"[0,1]",1.0
chest\008195.jpeg,"[0,1]",1.0
chest\008196.jpeg,"[0,1]",1.0
chest\008197.jpeg,"[0,1]",1.0
chest\008198.jpeg,"[0,1]",1.0
chest\008199.jpeg,"[0,1]",1.0
chest\008200.jpeg,"[0,1]",1.0
chest\008201.jpeg,"[0,1]",1.0
chest\008202.jpeg,"[0,1]",1.0
chest\008203.jpeg,"[0,1]",1.0
chest\008204.jpeg,"[0,1]",1.0
chest\008205.jpeg,"[0,1]",1.0
chest\008206.jpeg,"[0,1]",1.0
chest\008207.jpeg,"[0,1]",1.0
chest\008208.jpeg,"[0,1]",1.0
chest\008209.jpeg,"[0,1]",1.0
chest\008210.jpeg,"[0,1]",1.0
chest\008211.jpeg,"[0,1]",1.0
chest\008212.jpeg,"[0,1]",1.0
chest\008213.jpeg,"[0,1]",1.0
chest\008214.jpeg,"[0,1]",1.0
chest\008215.jpeg,"[0,1]",1.0
chest\008216.jpeg,"[0,1]",1.0
chest\008217.jpeg,"[0,1]",1.0
chest\008218.jpeg,"[0,1]",1.0
chest\008219.jpeg,"[0,1]",1.0
chest\008220.jpeg,"[0,1]",1.0
chest\008221.jpeg,"[0,1]",1.0
chest\008222.jpeg,"[0,1]",1.0
chest\008223.jpeg,"[0,1]",1.0
chest\008224.jpeg,"[0,1]",1.0
chest\008225.jpeg,"[0,1]",1.0
chest\008226.jpeg,"[0,1]",1.0
chest\008227.jpeg,"[0,1]",1.0
chest\008228.jpeg,"[0,1]",1.0
chest\008229.jpeg,"[0,1]",1.0
chest\008230.jpeg,"[0,1]",1.0
chest\008231.jpeg,"[0,1]",1.0
chest\008232.jpeg,"[0,1]",1.0
chest\008233.jpeg,"[0,1]",1.0
chest\008234.jpeg,"[0,1]",1.0
chest\008235.jpeg,"[0,1]",1.0
chest\008236.jpeg,"[0,1]",1.0
chest\008237.jpeg,"[0,1]",1.0
chest\008238.jpeg,"[0,1]",1.0
chest\008239.jpeg,"[0,1]",1.0
chest\008240.jpeg,"[0,1]",1.0
chest\008241.jpeg,"[0,1]",1.0
chest\008242.jpeg,"[0,1]",1.0
chest\008243.jpeg,"[0,1]",1.0
chest\008244.jpeg,"[0,1]",1.0
chest\008245.jpeg,"[0,1]",1.0
chest\008246.jpeg,"[0,1]",1.0
chest\008247.jpeg,"[0,1]",1.0
chest\008248.jpeg,"[0,1]",1.0
chest\008249.jpeg,"[0,1]",1.0
chest\008250.jpeg,"[0,1]",1.0
chest\008251.jpeg,"[0,1]",1.0
chest\008252.jpeg,"[0,1]",1.0
chest\008253.jpeg,"[0,1]",1.0
chest\008254.jpeg,"[0,1]",1.0
chest\008255.jpeg,"[0,1]",1.0
chest\008256.jpeg,"[0,1]",1.0
chest\008257.jpeg,"[0,1]",1.0
chest\008258.jpeg,"[0,1]",1.0
chest\008259.jpeg,"[0,1]",1.0
chest\008260.jpeg,"[0,1]",1.0
chest\008261.jpeg,"[0,1]",1.0
chest\008262.jpeg,"[0,1]",1.0
chest\008263.jpeg,"[0,1]",1.0
chest\008264.jpeg,"[0,1]",1.0
chest\008265.jpeg,"[0,1]",1.0
chest\008266.jpeg,"[0,1]",1.0
chest\008267.jpeg,"[0,1]",1.0
chest\008268.jpeg,"[0,1]",1.0
chest\008269.jpeg,"[0,1]",1.0
chest\008270.jpeg,"[0,1]",1.0
chest\008271.jpeg,"[0,1]",1.0
chest\008272.jpeg,"[0,1]",1.0
chest\008273.jpeg,"[0,1]",1.0
chest\008274.jpeg,"[0,1]",1.0
chest\008275.jpeg,"[0,1]",1.0
chest\008276.jpeg,"[0,1]",1.0
chest\008277.jpeg,"[0,1]",1.0
chest\008278.jpeg,"[0,1]",1.0
chest\008279.jpeg,"[0,1]",1.0
chest\008280.jpeg,"[0,1]",1.0
chest\008281.jpeg,"[0,1]",1.0
chest\008282.jpeg,"[0,1]",1.0
chest\008283.jpeg,"[0,1]",1.0
chest\008284.jpeg,"[0,1]",1.0
chest\008285.jpeg,"[0,1]",1.0
chest\008286.jpeg,"[0,1]",1.0
chest\008287.jpeg,"[0,1]",1.0
chest\008288.jpeg,"[0,1]",1.0
chest\008289.jpeg,"[0,1]",1.0
chest\008290.jpeg,"[0,1]",1.0
chest\008291.jpeg,"[0,1]",1.0
chest\008292.jpeg,"[0,1]",1.0
chest\008293.jpeg,"[0,1]",1.0
chest\008294.jpeg,"[0,1]",1.0
chest\008295.jpeg,"[0,1]",1.0
chest\008296.jpeg,"[0,1]",1.0
chest\008297.jpeg,"[0,1]",1.0
chest\008298.jpeg,"[0,1]",1.0
chest\008299.jpeg,"[0,1]",1.0
chest\008300.jpeg,"[0,1]",1.0
chest\008301.jpeg,"[0,1]",1.0
chest\008302.jpeg,"[0,1]",1.0
chest\008303.jpeg,"[0,1]",1.0
chest\008304.jpeg,"[0,1]",1.0
chest\008305.jpeg,"[0,1]",1.0
chest\008306.jpeg,"[0,1]",1.0
chest\008307.jpeg,"[0,1]",1.0
chest\008308.jpeg,"[0,1]",1.0
chest\008309.jpeg,"[0,1]",1.0
chest\008310.jpeg,"[0,1]",1.0
chest\008311.jpeg,"[0,1]",1.0
chest\008312.jpeg,"[0,1]",1.0
chest\008313.jpeg,"[0,1]",1.0
chest\008314.jpeg,"[0,1]",1.0
chest\008315.jpeg,"[0,1]",1.0
chest\008316.jpeg,"[0,1]",1.0
chest\008317.jpeg,"[0,1]",1.0
chest\008318.jpeg,"[0,1]",1.0
chest\008319.jpeg,"[0,1]",1.0
chest\008320.jpeg,"[0,1]",1.0
chest\008321.jpeg,"[0,1]",1.0
chest\008322.jpeg,"[0,1]",1.0
chest\008323.jpeg,"[0,1]",1.0
chest\008324.jpeg,"[0,1]",1.0
chest\008325.jpeg,"[0,1]",1.0
chest\008326.jpeg,"[0,1]",1.0
chest\008327.jpeg,"[0,1]",1.0
chest\008328.jpeg,"[0,1]",1.0
chest\008329.jpeg,"[0,1]",1.0
chest\008330.jpeg,"[0,1]",1.0
chest\008331.jpeg,"[0,1]",1.0
chest\008332.jpeg,"[0,1]",1.0
chest\008333.jpeg,"[0,1]",1.0
chest\008334.jpeg,"[0,1]",1.0
chest\008335.jpeg,"[0,1]",1.0
chest\008336.jpeg,"[0,1]",1.0
chest\008337.jpeg,"[0,1]",1.0
chest\008338.jpeg,"[0,1]",1.0
chest\008339.jpeg,"[0,1]",1.0
chest\008340.jpeg,"[0,1]",1.0
chest\008341.jpeg,"[0,1]",1.0
chest\008342.jpeg,"[0,1]",1.0
chest\008343.jpeg,"[0,1]",1.0
chest\008344.jpeg,"[0,1]",1.0
chest\008345.jpeg,"[0,1]",1.0
chest\008346.jpeg,"[0,1]",1.0
chest\008347.jpeg,"[0,1]",1.0
chest\008348.jpeg,"[0,1]",1.0
chest\008349.jpeg,"[0,1]",1.0
chest\008350.jpeg,"[0,1]",1.0
chest\008351.jpeg,"[0,1]",1.0
chest\008352.jpeg,"[0,1]",1.0
chest\008353.jpeg,"[0,1]",1.0
chest\008354.jpeg,"[0,1]",1.0
chest\008355.jpeg,"[0,1]",1.0
chest\008356.jpeg,"[0,1]",1.0
chest\008357.jpeg,"[0,1]",1.0
chest\008358.jpeg,"[0,1]",1.0
chest\008359.jpeg,"[0,1]",1.0
chest\008360.jpeg,"[0,1]",1.0
chest\008361.jpeg,"[0,1]",1.0
chest\008362.jpeg,"[0,1]",1.0
chest\008363.jpeg,"[0,1]",1.0
chest\008364.jpeg,"[0,1]",1.0
chest\008365.jpeg,"[0,1]",1.0
chest\008366.jpeg,"[0,1]",1.0
chest\008367.jpeg,"[0,1]",1.0
chest\008368.jpeg,"[0,1]",1.0
chest\008369.jpeg,"[0,1]",1.0
chest\008370.jpeg,"[0,1]",1.0
chest\008371.jpeg,"[0,1]",1.0
chest\008372.jpeg,"[0,1]",1.0
chest\008373.jpeg,"[0,1]",1.0
chest\008374.jpeg,"[0,1]",1.0
chest\008375.jpeg,"[0,1]",1.0
chest\008376.jpeg,"[0,1]",1.0
chest\008377.jpeg,"[0,1]",1.0
chest\008378.jpeg,"[0,1]",1.0
chest\008379.jpeg,"[0,1]",1.0
chest\008380.jpeg,"[0,1]",1.0
chest\008381.jpeg,"[0,1]",1.0
chest\008382.jpeg,"[0,1]",1.0
chest\008383.jpeg,"[0,1]",1.0
chest\008384.jpeg,"[0,1]",1.0
chest\008385.jpeg,"[0,1]",1.0
chest\008386.jpeg,"[0,1]",1.0
chest\008387.jpeg,"[0,1]",1.0
chest\008388.jpeg,"[0,1]",1.0
chest\008389.jpeg,"[0,1]",1.0
chest\008390.jpeg,"[0,1]",1.0
chest\008391.jpeg,"[0,1]",1.0
chest\008392.jpeg,"[0,1]",1.0
chest\008393.jpeg,"[0,1]",1.0
chest\008394.jpeg,"[0,1]",1.0
chest\008395.jpeg,"[0,1]",1.0
chest\008396.jpeg,"[0,1]",1.0
chest\008397.jpeg,"[0,1]",1.0
chest\008398.jpeg,"[0,1]",1.0
chest\008399.jpeg,"[0,1]",1.0
chest\008400.jpeg,"[0,1]",1.0
chest\008401.jpeg,"[0,1]",1.0
chest\008402.jpeg,"[0,1]",1.0
chest\008403.jpeg,"[0,1]",1.0
